number,citation,year,title,doi,doi_url,verification_source,publisher_url,verified_on,in_text_occurrences
1,"Abrahamsen et al., 2024",2024,Financial Distress Prediction in the Nordics: Early Warnings from Machine Learning Models,10.3390/jrfm17100432,https://doi.org/10.3390/jrfm17100432,https://api.crossref.org/works/10.3390/jrfm17100432,https://www.mdpi.com/1911-8074/17/10/432,2026-10-06,2
2,"Babaei et al., 2025",2025,"Explainability, fairness and the Simpson’s paradox in credit lending",10.1016/j.physa.2025.131030,https://doi.org/10.1016/j.physa.2025.131030,https://api.crossref.org/works/10.1016/j.physa.2025.131030,https://linkinghub.elsevier.com/retrieve/pii/S037843712500682X,2026-10-06,1
3,"Bach et al., 2024",2024,DoubleML: An Object-Oriented Implementation of Double Machine Learning in R,10.18637/jss.v108.i03,https://doi.org/10.18637/jss.v108.i03,https://api.crossref.org/works/10.18637/jss.v108.i03,https://www.jstatsoft.org/v108/i03/,2026-10-06,3
4,"Bahlool et al., 2026",2026,"Performance, Fairness, and Explainability in AI-Based Credit Scoring: A Systematic Literature Review",10.3390/jrfm19020104,https://doi.org/10.3390/jrfm19020104,https://api.crossref.org/works/10.3390/jrfm19020104,https://www.mdpi.com/1911-8074/19/2/104,2026-10-06,1
5,"Bockel-Rickermann et al., 2025",2025,Can causal machine learning reveal individual bid responses of bank customers? — A study on mortgage loan applications in Belgium,10.1016/j.dss.2024.114378,https://doi.org/10.1016/j.dss.2024.114378,https://api.crossref.org/works/10.1016/j.dss.2024.114378,https://linkinghub.elsevier.com/retrieve/pii/S0167923624002112,2026-10-06,1
6,"Bodory et al., 2022",2022,Evaluating (weighted) dynamic treatment effects by double machine learning,10.1093/ectj/utac018,https://doi.org/10.1093/ectj/utac018,https://api.crossref.org/works/10.1093/ectj/utac018,https://academic.oup.com/ectj/article/25/3/628/6604379,2026-10-06,1
7,"Brzozowski & Visano, 2023",2023,"Canadian Consumer Financial Vulnerability, Stress, and Well-Being",10.3138/cpp.2022-042,https://doi.org/10.3138/cpp.2022-042,https://api.crossref.org/works/10.3138/cpp.2022-042,https://utppublishing.com/doi/10.3138/cpp.2022-042,2026-10-06,1
8,"Cerulli, 2026",2026,"Optimal policy learning with observational data in multi-action scenarios: estimation, risk preference, and potential failures",10.1007/s41060-026-01070-4,https://doi.org/10.1007/s41060-026-01070-4,https://api.crossref.org/works/10.1007/s41060-026-01070-4,https://link.springer.com/10.1007/s41060-026-01070-4,2026-10-06,1
9,"Chacon et al., 2026",2026,An explainable machine learning model for consumer credit scoring in Mexico,10.1016/j.ememar.2025.101424,https://doi.org/10.1016/j.ememar.2025.101424,https://api.crossref.org/works/10.1016/j.ememar.2025.101424,https://linkinghub.elsevier.com/retrieve/pii/S1566014125001736,2026-10-06,1
10,"Chen, 2025",2025,Enterprise financial risk prediction and intelligent early warning model based on deep learning,10.1007/s44163-025-00497-1,https://doi.org/10.1007/s44163-025-00497-1,https://api.crossref.org/works/10.1007/s44163-025-00497-1,https://link.springer.com/10.1007/s44163-025-00497-1,2026-10-06,1
11,"Chen et al., 2024",2024,Interpretable machine learning for imbalanced credit scoring datasets,10.1016/j.ejor.2023.06.036,https://doi.org/10.1016/j.ejor.2023.06.036,https://api.crossref.org/works/10.1016/j.ejor.2023.06.036,https://linkinghub.elsevier.com/retrieve/pii/S0377221723005088,2026-10-06,1
12,"Chernozhukov et al., 2026",2026,Long Story Short: Omitted Variable Bias in Causal Machine Learning,10.1162/rest.a.1705,https://doi.org/10.1162/rest.a.1705,https://api.crossref.org/works/10.1162/rest.a.1705,https://direct.mit.edu/rest/article/doi/10.1162/REST.a.1705/135203/Long-Story-Short-Omitted-Variable-Bias-in-Causal,2026-10-06,1
13,"Cinelli et al., 2024",2024,Sensemakr: Sensitivity Analysis Tools for OLS in R and Stata,10.1353/obs.2024.a946583,https://doi.org/10.1353/obs.2024.a946583,https://api.crossref.org/works/10.1353/obs.2024.a946583,https://muse.jhu.edu/article/946583,2026-10-06,1
14,"Coussement et al., 2024",2024,Explainable AI for enhanced decision-making,10.1016/j.dss.2024.114276,https://doi.org/10.1016/j.dss.2024.114276,https://api.crossref.org/works/10.1016/j.dss.2024.114276,https://linkinghub.elsevier.com/retrieve/pii/S016792362400109X,2026-10-06,1
15,"Das et al., 2023",2023,Credit Risk Modeling with Graph Machine Learning,10.1287/ijds.2022.00018,https://doi.org/10.1287/ijds.2022.00018,https://api.crossref.org/works/10.1287/ijds.2022.00018,https://pubsonline.informs.org/doi/10.1287/ijds.2022.00018,2026-10-06,1
16,"Davis et al., 2023",2023,Explainable Machine Learning Models of Consumer Credit Risk,10.3905/jfds.2023.1.141,https://doi.org/10.3905/jfds.2023.1.141,https://api.crossref.org/works/10.3905/jfds.2023.1.141,http://pm-research.com/lookup/doi/10.3905/jfds.2023.1.141,2026-10-06,3
17,"de Oliveira Cardoso et al., 2023",2023,Measuring Financial Well-Being: A Systematic Review of Psychometric Instruments,10.1007/s10902-023-00697-5,https://doi.org/10.1007/s10902-023-00697-5,https://api.crossref.org/works/10.1007/s10902-023-00697-5,https://link.springer.com/10.1007/s10902-023-00697-5,2026-10-06,1
18,"D’Agostino McGowan, 2022",2022,Sensitivity Analyses for Unmeasured Confounders,10.1007/s40471-022-00308-6,https://doi.org/10.1007/s40471-022-00308-6,https://api.crossref.org/works/10.1007/s40471-022-00308-6,https://link.springer.com/10.1007/s40471-022-00308-6,2026-10-06,1
19,"Farbmacher et al., 2022",2022,Causal mediation analysis with double machine learning,10.1093/ectj/utac003,https://doi.org/10.1093/ectj/utac003,https://api.crossref.org/works/10.1093/ectj/utac003,https://academic.oup.com/ectj/article/25/2/277/6517682,2026-10-06,1
20,"Feuerriegel et al., 2024",2024,Causal machine learning for predicting treatment outcomes,10.1038/s41591-024-02902-1,https://doi.org/10.1038/s41591-024-02902-1,https://api.crossref.org/works/10.1038/s41591-024-02902-1,https://www.nature.com/articles/s41591-024-02902-1,2026-10-06,5
21,"Garg et al., 2024",2024,"Financial well‐being: An integrated framework, operationalization, and future research agenda",10.1002/cb.2372,https://doi.org/10.1002/cb.2372,https://api.crossref.org/works/10.1002/cb.2372,https://onlinelibrary.wiley.com/doi/10.1002/cb.2372,2026-10-06,1
22,"Ge et al., 2026",2026,A Review of Causal Decision Making,10.1613/jair.1.21001,https://doi.org/10.1613/jair.1.21001,https://api.crossref.org/works/10.1613/jair.1.21001,https://www.jair.org/index.php/jair/article/view/21001,2026-10-06,4
23,"Gong et al., 2025",2025,Causal Discovery from Temporal Data: An Overview and New Perspectives,10.1145/3705297,https://doi.org/10.1145/3705297,https://api.crossref.org/works/10.1145/3705297,https://dl.acm.org/doi/10.1145/3705297,2026-10-06,1
24,"Guilbert et al., 2024",2024,Calibration methods in imbalanced binary classification,10.1007/s10472-024-09952-8,https://doi.org/10.1007/s10472-024-09952-8,https://api.crossref.org/works/10.1007/s10472-024-09952-8,https://link.springer.com/10.1007/s10472-024-09952-8,2026-10-06,1
25,"Hlongwane et al., 2024",2024,A novel framework for enhancing transparency in credit scoring: Leveraging Shapley values for interpretable credit scorecards,10.1371/journal.pone.0308718,https://doi.org/10.1371/journal.pone.0308718,https://api.crossref.org/works/10.1371/journal.pone.0308718,https://dx.plos.org/10.1371/journal.pone.0308718,2026-10-06,1
26,"Huber, 2024",2024,An introduction to causal discovery,10.1186/s41937-024-00131-4,https://doi.org/10.1186/s41937-024-00131-4,https://api.crossref.org/works/10.1186/s41937-024-00131-4,https://sjes.springeropen.com/articles/10.1186/s41937-024-00131-4,2026-10-06,1
27,"Huh, 2026",2026,Prescriptive Analytics for Sustainable Financial Systems: A Causal–Machine Learning Framework for Credit Risk Management and Targeted Marketing,10.3390/systems14010016,https://doi.org/10.3390/systems14010016,https://api.crossref.org/works/10.3390/systems14010016,https://www.mdpi.com/2079-8954/14/1/16,2026-10-06,1
28,"Hurlin et al., 2026",2026,The Fairness of Credit Scoring Models,10.1287/mnsc.2022.03888,https://doi.org/10.1287/mnsc.2022.03888,https://api.crossref.org/works/10.1287/mnsc.2022.03888,https://pubsonline.informs.org/doi/10.1287/mnsc.2022.03888,2026-10-06,1
29,"Idbenjra et al., 2024",2024,Investigating the beneficial impact of segmentation-based modelling for credit scoring,10.1016/j.dss.2024.114170,https://doi.org/10.1016/j.dss.2024.114170,https://api.crossref.org/works/10.1016/j.dss.2024.114170,https://linkinghub.elsevier.com/retrieve/pii/S0167923624000034,2026-10-06,1
30,"Kapoor & Narayanan, 2023",2023,Leakage and the reproducibility crisis in machine-learning-based science,10.1016/j.patter.2023.100804,https://doi.org/10.1016/j.patter.2023.100804,https://api.crossref.org/works/10.1016/j.patter.2023.100804,https://linkinghub.elsevier.com/retrieve/pii/S2666389923001599,2026-10-06,1
31,"Kennedy, 2023",2023,Towards optimal doubly robust estimation of heterogeneous causal effects,10.1214/23-ejs2157,https://doi.org/10.1214/23-ejs2157,https://api.crossref.org/works/10.1214/23-ejs2157,https://projecteuclid.org/journals/electronic-journal-of-statistics/volume-17/issue-2/Towards-optimal-doubly-robust-estimation-of-heterogeneous-causal-effects/10.1214/23-EJS2157.full,2026-10-06,3
32,"Kitson & Constantinou, 2025",2025,Causal discovery using dynamically requested knowledge,10.1016/j.knosys.2025.113185,https://doi.org/10.1016/j.knosys.2025.113185,https://api.crossref.org/works/10.1016/j.knosys.2025.113185,https://linkinghub.elsevier.com/retrieve/pii/S0950705125002321,2026-10-06,1
33,"Knaus, 2022",2022,Double machine learning-based programme evaluation under unconfoundedness,10.1093/ectj/utac015,https://doi.org/10.1093/ectj/utac015,https://api.crossref.org/works/10.1093/ectj/utac015,https://academic.oup.com/ectj/article/25/3/602/6596870,2026-10-06,2
34,"Kozodoi et al., 2022",2022,"Fairness in credit scoring: Assessment, implementation and profit implications",10.1016/j.ejor.2021.06.023,https://doi.org/10.1016/j.ejor.2021.06.023,https://api.crossref.org/works/10.1016/j.ejor.2021.06.023,https://linkinghub.elsevier.com/retrieve/pii/S0377221721005385,2026-10-06,1
35,"Lan et al., 2025",2025,Sparse-enhanced additive interaction neural network for interpretable credit decision,10.1016/j.dss.2025.114507,https://doi.org/10.1016/j.dss.2025.114507,https://api.crossref.org/works/10.1016/j.dss.2025.114507,https://linkinghub.elsevier.com/retrieve/pii/S0167923625001083,2026-10-06,1
36,"Martín-Legendre & Sánchez-Santos, 2024",2024,"Household debt and financial vulnerability: empirical evidence for Spain, 2002–2020",10.1007/s10663-024-09617-z,https://doi.org/10.1007/s10663-024-09617-z,https://api.crossref.org/works/10.1007/s10663-024-09617-z,https://link.springer.com/10.1007/s10663-024-09617-z,2026-10-06,1
37,"Montevechi et al., 2024",2024,Advancing credit risk modelling with Machine Learning: A comprehensive review of the state-of-the-art,10.1016/j.engappai.2024.109082,https://doi.org/10.1016/j.engappai.2024.109082,https://api.crossref.org/works/10.1016/j.engappai.2024.109082,https://linkinghub.elsevier.com/retrieve/pii/S0952197624012405,2026-10-06,3
38,"Nallakaruppan et al., 2024",2024,An Explainable AI framework for credit evaluation and analysis,10.1016/j.asoc.2024.111307,https://doi.org/10.1016/j.asoc.2024.111307,https://api.crossref.org/works/10.1016/j.asoc.2024.111307,https://linkinghub.elsevier.com/retrieve/pii/S1568494624000814,2026-10-06,1
39,"Noriega et al., 2023",2023,Machine Learning for Credit Risk Prediction: A Systematic Literature Review,10.3390/data8110169,https://doi.org/10.3390/data8110169,https://api.crossref.org/works/10.3390/data8110169,https://www.mdpi.com/2306-5729/8/11/169,2026-10-06,2
40,"Ojeda et al., 2023",2023,Calibrating machine learning approaches for probability estimation: A comprehensive comparison,10.1002/sim.9921,https://doi.org/10.1002/sim.9921,https://api.crossref.org/works/10.1002/sim.9921,https://onlinelibrary.wiley.com/doi/10.1002/sim.9921,2026-10-06,1
41,"Sanchez et al., 2022",2022,Causal machine learning for healthcare and precision medicine,10.1098/rsos.220638,https://doi.org/10.1098/rsos.220638,https://api.crossref.org/works/10.1098/rsos.220638,https://royalsocietypublishing.org/doi/10.1098/rsos.220638,2026-10-06,2
42,"Shi et al., 2022",2022,Machine learning-driven credit risk: a systemic review,10.1007/s00521-022-07472-2,https://doi.org/10.1007/s00521-022-07472-2,https://api.crossref.org/works/10.1007/s00521-022-07472-2,https://link.springer.com/10.1007/s00521-022-07472-2,2026-10-06,2
43,"Sjölander et al., 2022",2022,Sensitivity analysis for causal effects with generalized linear models,10.1515/jci-2022-0040,https://doi.org/10.1515/jci-2022-0040,https://api.crossref.org/works/10.1515/jci-2022-0040,https://www.degruyterbrill.com/document/doi/10.1515/jci-2022-0040/html,2026-10-06,1
44,"Tipton & Hartman, 2023",2023,Generalizability and Transportability,10.1201/9781003102670-3,https://doi.org/10.1201/9781003102670-3,https://api.crossref.org/works/10.1201/9781003102670-3,https://www.taylorfrancis.com/books/9781003102670/chapters/10.1201/9781003102670-3,2026-10-06,1
45,"von Zahn et al., 2026",2026,Causal Machine Learning in Information Systems Research,10.1007/s12599-026-00999-x,https://doi.org/10.1007/s12599-026-00999-x,https://api.crossref.org/works/10.1007/s12599-026-00999-x,https://link.springer.com/10.1007/s12599-026-00999-x,2026-10-06,6
46,"Vowels et al., 2023",2023,D’ya Like DAGs? A Survey on Structure Learning and Causal Discovery,10.1145/3527154,https://doi.org/10.1145/3527154,https://api.crossref.org/works/10.1145/3527154,https://dl.acm.org/doi/10.1145/3527154,2026-10-06,2
47,"Westphal et al., 2023",2023,Decision control and explanations in human-AI collaboration: Improving user perceptions and compliance,10.1016/j.chb.2023.107714,https://doi.org/10.1016/j.chb.2023.107714,https://api.crossref.org/works/10.1016/j.chb.2023.107714,https://linkinghub.elsevier.com/retrieve/pii/S0747563223000651,2026-10-06,2
48,"Zanga et al., 2022",2022,A Survey on Causal Discovery: Theory and Practice,10.1016/j.ijar.2022.09.004,https://doi.org/10.1016/j.ijar.2022.09.004,https://api.crossref.org/works/10.1016/j.ijar.2022.09.004,https://linkinghub.elsevier.com/retrieve/pii/S0888613X22001402,2026-10-06,1
49,"Zheng et al., 2026",2026,Local Causal Discovery With Background Knowledge,10.1109/tpami.2026.3667409,https://doi.org/10.1109/tpami.2026.3667409,https://api.crossref.org/works/10.1109/tpami.2026.3667409,https://ieeexplore.ieee.org/document/11408238/,2026-10-06,1
50,"Zhou et al., 2023",2023,Offline Multi-Action Policy Learning: Generalization and Optimization,10.1287/opre.2022.2271,https://doi.org/10.1287/opre.2022.2271,https://api.crossref.org/works/10.1287/opre.2022.2271,https://pubsonline.informs.org/doi/10.1287/opre.2022.2271,2026-10-06,2
