feature,dtype,missing_n,missing_pct,unique_n
SK_ID_CURR,int64,0,0.0,307511
TARGET,int64,0,0.0,2
DBP,float64,12,3.9022994299390916e-05,88811
US,float64,220606,0.7173922233676193,59410
DS,float64,0,0.0,42606
HAIC,float64,0,0.0,3064
CE,float64,0,0.0,33
RR,float64,0,0.0,261881
AAP,float64,0,0.0,48697
FHD,float64,44020,0.14314935075493235,2922
HB,float64,0,0.0,15
CNP,float64,0,0.0,63
EMPSTAB,float64,55374,0.18007160719453938,12573
AGE,float64,0,0.0,17460
DEBT_RATIO_BUREAU,float64,44020,0.14314935075493235,184497
