source,target,source_tier,target_tier,bootstrap_freq,tier_compatible,retained
DBP,AAP,3,4,1.0,True,True
DBP,CNP,3,3,1.0,True,True
US,TARGET,3,5,1.0,True,True
DS,US,2,3,1.0,True,True
DS,CE,2,2,1.0,True,True
DS,RR,2,2,1.0,True,True
DS,CNP,2,3,1.0,True,True
DS,TARGET,2,5,1.0,True,True
HAIC,DBP,1,3,1.0,True,True
HAIC,CE,1,2,1.0,True,True
HAIC,AAP,1,4,1.0,True,True
CE,DBP,2,3,1.0,True,True
HAIC,CNP,1,3,1.0,True,True
CE,RR,2,2,1.0,True,True
CE,AAP,2,4,1.0,True,True
FHD,TARGET,0,5,1.0,True,True
CE,CNP,2,3,1.0,True,True
CE,DEBT_RATIO_BUREAU,2,2,1.0,True,True
RR,US,2,3,1.0,True,True
RR,CNP,2,3,1.0,True,True
RR,TARGET,2,5,1.0,True,True
FHD,DS,0,2,1.0,True,True
FHD,CE,0,2,1.0,True,True
FHD,AGE,0,0,1.0,True,True
FHD,DEBT_RATIO_BUREAU,0,2,1.0,True,True
FHD,EMPSTAB,0,1,1.0,True,True
CNP,AAP,3,4,1.0,True,True
HB,EMPSTAB,0,1,1.0,True,True
HB,AAP,0,4,1.0,True,True
HB,HAIC,0,1,1.0,True,True
HB,DBP,0,3,1.0,True,True
DEBT_RATIO_BUREAU,TARGET,2,5,1.0,True,True
AGE,TARGET,0,5,1.0,True,True
DEBT_RATIO_BUREAU,DBP,2,3,1.0,True,True
DEBT_RATIO_BUREAU,US,2,3,1.0,True,True
AGE,CNP,0,3,1.0,True,True
HB,AGE,0,0,1.0,True,True
EMPSTAB,CE,1,2,1.0,True,True
EMPSTAB,AAP,1,4,1.0,True,True
AGE,CE,0,2,1.0,True,True
EMPSTAB,TARGET,1,5,1.0,True,True
AGE,DBP,0,3,1.0,True,True
AGE,HAIC,0,1,1.0,True,True
AGE,EMPSTAB,0,1,1.0,True,True
AGE,AAP,0,4,1.0,True,True
AGE,DEBT_RATIO_BUREAU,0,2,1.0,True,True
DEBT_RATIO_BUREAU,AAP,2,4,0.98,True,True
HB,CE,0,2,0.88,True,True
RR,DEBT_RATIO_BUREAU,2,2,0.8,True,True
HAIC,RR,1,2,0.78,True,True
FHD,HAIC,0,1,0.78,True,True
FHD,HB,0,0,0.68,True,True
FHD,AAP,0,4,0.68,True,True
EMPSTAB,DS,1,2,0.62,True,True
RR,AAP,2,4,0.44,True,False
DS,DEBT_RATIO_BUREAU,2,2,0.32,True,False
FHD,RR,0,2,0.12,True,False
HB,CNP,0,3,0.06,True,False
EMPSTAB,DEBT_RATIO_BUREAU,1,2,0.04,True,False
FHD,US,0,3,0.02,True,False
EMPSTAB,CNP,1,3,0.02,True,False
DBP,US,3,3,0.02,True,False
DEBT_RATIO_BUREAU,CNP,2,3,0.02,True,False
