threshold,edges_retained,exposure,adjustment_set_size,causal_effect_per_sd,ci_lower_95,ci_upper_95,p_value,causal_rank_within_threshold
0.6,54,DBP,10,0.00701,0.00595,0.00807,0.0,5
0.6,54,US,11,0.01648,0.01518,0.01777,0.0,1
0.6,54,CE,6,0.00711,0.006,0.00822,0.0,4
0.6,54,AAP,12,-0.00632,-0.00797,-0.00466,0.0,6
0.6,54,CNP,11,0.00852,0.00731,0.00973,0.0,3
0.6,54,DEBT_RATIO_BUREAU,8,0.01493,0.0136,0.01627,0.0,2
0.7,51,DBP,10,0.00701,0.00595,0.00807,0.0,5
0.7,51,US,11,0.01648,0.01518,0.01777,0.0,1
0.7,51,CE,6,0.00711,0.006,0.00822,0.0,4
0.7,51,AAP,12,-0.00632,-0.00797,-0.00466,0.0,6
0.7,51,CNP,11,0.00852,0.00731,0.00973,0.0,3
0.7,51,DEBT_RATIO_BUREAU,8,0.01493,0.0136,0.01627,0.0,2
0.8,49,DBP,10,0.00701,0.00595,0.00807,0.0,5
0.8,49,US,11,0.01648,0.01518,0.01777,0.0,1
0.8,49,CE,6,0.00711,0.006,0.00822,0.0,4
0.8,49,AAP,12,-0.00632,-0.00797,-0.00466,0.0,6
0.8,49,CNP,11,0.00852,0.00731,0.00973,0.0,3
0.8,49,DEBT_RATIO_BUREAU,8,0.01493,0.0136,0.01627,0.0,2
