feature,importance_mean,importance_std,predictive_rank
RR,0.02511725522001852,0.00131187675237839,1
DEBT_RATIO_BUREAU,0.024574345580904423,0.0013112548158996586,2
EMPSTAB,0.018144347444385645,0.0011651892425096396,3
AGE,0.017371107996878077,0.0016125117858657673,4
AAP,0.016366919777364063,0.0012480697413230029,5
US,0.01360478886536648,0.000741779580320267,6
DBP,0.012907817134601363,0.0008184932072694654,7
FHD,0.011658861312857626,0.0008412439842064891,8
CNP,0.006784649681022692,0.0005466161832025804,9
CE,0.0063684765376454625,0.0007218960474225885,10
DS,0.005707578184366524,0.00020002931573191146,11
HAIC,0.005029659133264997,0.000745502710687233,12
HB,0.003450448551797947,0.000647145107771466,13
